{"cameraMode":{"drawMode":0,"name":"Shaded","section":"Shading Mode"},"sceneLighting":true,"audioPlay":false,"sceneViewState":{"m_AlwaysRefresh":false,"showFog":true,"showSkybox":true,"showFlares":true,"showImageEffects":true,"showParticleSystems":true,"showVisualEffectGraphs":true,"m_FxEnabled":true},"in2DMode":false,"pivot":{"x":-7.497635841369629,"y":-14.306037902832032,"z":-68.85977935791016},"rotation":{"x":-0.007251839619129896,"y":0.9887803792953491,"z":-0.14095206558704377,"w":-0.05102694034576416},"size":31.264297485351564,"orthographic":false}