{"cameraMode":{"drawMode":0,"name":"Shaded","section":"Shading Mode"},"sceneLighting":false,"audioPlay":false,"sceneViewState":{"m_AlwaysRefresh":false,"showFog":true,"showSkybox":false,"showFlares":true,"showImageEffects":true,"showParticleSystems":true,"showVisualEffectGraphs":true,"m_FxEnabled":true},"in2DMode":false,"pivot":{"x":-0.12256252765655518,"y":0.21186082065105439,"z":0.002160489559173584},"rotation":{"x":-0.15863430500030518,"y":-0.004131689202040434,"z":0.000592373195104301,"w":-0.9874114394187927},"size":0.3759599030017853,"orthographic":false}